{
    "scvfd": {
        "south": 40.16,
        "north": 40.26,
        "west": -123.99695934595182,
        "east": -123.83251148547124
      },
      "westportvfd":  {
        "north": 39.89595306214338,
        "south": 39.53857292439969,
        "east": -123.67763908625702,
        "west": -123.85333388805361
    }
}